Workbook

Sheet Read me
B2: eMudhra response workbook
B3: Version 0.1.0 · 26 October 2026 · Proposed — no decisions have been taken and no team data has been entered. Companion to ACTION_PLAN.md, RISK_TIERS.md, COMPLETION_TRACKER.md and playbooks/ in the eMudhraResponse repository.
B5: Purpose | C5: Capture the decisions the response needs, and track every service, platform, long-tail item, exception and hunt to closure using the pack's six mandatory fields and closure routes A/B/C.
B6: Where to keep it | C6: Keep the populated copy in the internal incident or change system. Do not commit populated inventories, hostnames or logs to a public repository (Completion tracker rule).
B7: Who fills what | C7: Incident lead: Decisions, Facts. Service and platform owners: Service tracker, Platform assurance. Desktop/mobile: Browser & desktop. Owners and supplier management: Long tail. PKI: Availability. Risk owners: Exceptions. SOC: Hunt log.
B9: Sheets
B10: Dashboard | C10: Calculated summary: counts by priority and status, headline KPIs. Do not edit.
B11: Decisions | C11: Decision register D-01 to D-16, with options and a recommendation. Record the decision, rationale and date in the yellow columns.
B12: Service tracker | C12: One row per service or managed asset group. Columns map to the pack's six mandatory fields. Priority is calculated from Impact × Susceptibility.
B13: Platform assurance | C13: One row per standard configuration (Route A records) with emSign, AAA and No-CT test results and deployment coverage.
B14: Browser & desktop | C14: One row per managed browser/OS configuration; calculates whether the browser and desktop proviso is met.
B15: Long tail | C15: Non-browser, vendor-controlled and supplier items found by egress telemetry and inventories.
B16: Availability | C16: Certificates we present, and partner endpoints we call, that chain to affected emSign roots.
B17: Exceptions | C17: Risk exceptions with compensating controls, approver and expiry.
B18: Hunt log | C18: Retrospective hunts H1–H6 from PB-14, with the retention gap back to 30 April 2025.
B19: Facts | C19: Dated incident facts with confidence and source; recheck daily while the incident is open.
B20: Playbooks | C20: Index of PB-00 to PB-16 with owner team and link.
B21: Lists | C21: Dropdown values, the priority matrix and two assumptions (proviso threshold, hunt window start).
B23: Legend
B24: White cell | C24: Enter data. Dropdowns appear where a column has fixed values.
B25: Yellow cell | C25: Key input or decision field — the cells management is asked to complete.
B26: Grey cell | C26: Calculated by formula. Do not overwrite.
B27: Grey italic row | C27: Worked example showing the expected format. IDs start with EX- and are excluded from the Dashboard. Overwrite or delete.
B28: Navy header | C28: Input column.
B29: Slate header | C29: Calculated column.
B31: Priority
C32: Priority = Impact (H/M/L, as defined in RISK_TIERS.md §2) × Verifier susceptibility (A–D or Unknown). See Lists!T1 for the matrix and key. Defined in RISK_TIERS.md §4; approval is decision D-01. Indicative windows (decision D-03, not approved): P1 contain 72 h / close 7 days; P2 14 days; P3 30 days; P4 normal cycle.

Sheet Dashboard
B2: eMudhra response — dashboard
B3: Calculated from the other sheets; rows whose ID starts with EX- (examples) are excluded. Do not edit.
B5: Headline indicators
B6: P1 records not closed | C6: =COUNTIFS('Service tracker'!$H$2:$H$303,"P1*",'Service tracker'!$A$2:$A$303,"<>EX-*")-COUNTIFS('Service tracker'!$H$2:$H$303,"P1*",'Service tracker'!$O$2:$O$303,"Closed*",'Service tracker'!$A$2:$A$303,"<>EX-*") -> 0
B7: Records with susceptibility Unknown | C7: =COUNTIFS('Service tracker'!$G$2:$G$303,"Unknown",'Service tracker'!$A$2:$A$303,"<>EX-*") -> 0
B8: Records overdue | C8: =COUNTIFS('Service tracker'!$X$2:$X$303,"Overdue",'Service tracker'!$A$2:$A$303,"<>EX-*") -> 0
B9: Records with availability flag = Y and not closed | C9: =COUNTIFS('Service tracker'!$U$2:$U$303,"Y",'Service tracker'!$A$2:$A$303,"<>EX-*")-COUNTIFS('Service tracker'!$U$2:$U$303,"Y",'Service tracker'!$O$2:$O$303,"Closed*",'Service tracker'!$A$2:$A$303,"<>EX-*") -> 0
B10: Total records (excluding examples) | C10: =COUNTIFS('Service tracker'!$B$2:$B$303,"<>",'Service tracker'!$A$2:$A$303,"<>EX-*") -> 0
B11: Browser/desktop configurations meeting the proviso | C11: =COUNTIF('Browser & desktop'!$N$2:$N$22,"Yes")&" of "&COUNTIF('Browser & desktop'!$A$2:$A$22,"?*") -> 0 of 10
B12: Long-tail items with vendor status Pending or No response | C12: =COUNTIFS('Long tail'!$J$2:$J$302,"Pending",'Long tail'!$A$2:$A$302,"<>EX-*")+COUNTIFS('Long tail'!$J$2:$J$302,"No response",'Long tail'!$A$2:$A$302,"<>EX-*") -> 0
B13: Availability items not done | C13: =COUNTIFS(Availability!$B$2:$B$200,"<>",Availability!$A$2:$A$200,"<>EX-*")-COUNTIFS(Availability!$K$2:$K$200,"Done",Availability!$A$2:$A$200,"<>EX-*") -> 0
B14: Exceptions approved and expiring within 14 days | C14: =COUNTIFS(Exceptions!$J$2:$J$150,"Approved",Exceptions!$K$2:$K$150,"<=14",Exceptions!$A$2:$A$150,"<>EXC-EX*") -> 0
B15: Decisions still open | C15: =COUNTIF(Decisions!$I$2:$I$37,"Open") -> 16
B16: Hunts done (of H1–H6) | C16: =COUNTIF('Hunt log'!$M$2:$M$7,"Done")&" of 6" -> 0 of 6
B19: Service tracker: records by priority and status
B20: Priority | C20: Assessing | D20: Exposed | E20: Remediating | F20: Closed A | G20: Closed B | H20: Closed C | I20: Exception / blocked | J20: Total
B21: P1 (incl. to assess) | C21: =COUNTIFS('Service tracker'!$H$2:$H$303,"P1*",'Service tracker'!$O$2:$O$303,Lists!$C$2,'Service tracker'!$A$2:$A$303,"<>EX-*") -> 0 | D21: =COUNTIFS('Service tracker'!$H$2:$H$303,"P1*",'Service tracker'!$O$2:$O$303,Lists!$C$3,'Service tracker'!$A$2:$A$303,"<>EX-*") -> 0 | E21: =COUNTIFS('Service tracker'!$H$2:$H$303,"P1*",'Service tracker'!$O$2:$O$303,Lists!$C$4,'Service tracker'!$A$2:$A$303,"<>EX-*") -> 0 | F21: =COUNTIFS('Service tracker'!$H$2:$H$303,"P1*",'Service tracker'!$O$2:$O$303,Lists!$C$5,'Service tracker'!$A$2:$A$303,"<>EX-*") -> 0 | G21: =COUNTIFS('Service tracker'!$H$2:$H$303,"P1*",'Service tracker'!$O$2:$O$303,Lists!$C$6,'Service tracker'!$A$2:$A$303,"<>EX-*") -> 0 | H21: =COUNTIFS('Service tracker'!$H$2:$H$303,"P1*",'Service tracker'!$O$2:$O$303,Lists!$C$7,'Service tracker'!$A$2:$A$303,"<>EX-*") -> 0 | I21: =COUNTIFS('Service tracker'!$H$2:$H$303,"P1*",'Service tracker'!$O$2:$O$303,Lists!$C$8,'Service tracker'!$A$2:$A$303,"<>EX-*") -> 0 | J21: =SUM(C21:I21) -> 0
B22: P2 (incl. to assess) | C22: =COUNTIFS('Service tracker'!$H$2:$H$303,"P2*",'Service tracker'!$O$2:$O$303,Lists!$C$2,'Service tracker'!$A$2:$A$303,"<>EX-*") -> 0 | D22: =COUNTIFS('Service tracker'!$H$2:$H$303,"P2*",'Service tracker'!$O$2:$O$303,Lists!$C$3,'Service tracker'!$A$2:$A$303,"<>EX-*") -> 0 | E22: =COUNTIFS('Service tracker'!$H$2:$H$303,"P2*",'Service tracker'!$O$2:$O$303,Lists!$C$4,'Service tracker'!$A$2:$A$303,"<>EX-*") -> 0 | F22: =COUNTIFS('Service tracker'!$H$2:$H$303,"P2*",'Service tracker'!$O$2:$O$303,Lists!$C$5,'Service tracker'!$A$2:$A$303,"<>EX-*") -> 0 | G22: =COUNTIFS('Service tracker'!$H$2:$H$303,"P2*",'Service tracker'!$O$2:$O$303,Lists!$C$6,'Service tracker'!$A$2:$A$303,"<>EX-*") -> 0 | H22: =COUNTIFS('Service tracker'!$H$2:$H$303,"P2*",'Service tracker'!$O$2:$O$303,Lists!$C$7,'Service tracker'!$A$2:$A$303,"<>EX-*") -> 0 | I22: =COUNTIFS('Service tracker'!$H$2:$H$303,"P2*",'Service tracker'!$O$2:$O$303,Lists!$C$8,'Service tracker'!$A$2:$A$303,"<>EX-*") -> 0 | J22: =SUM(C22:I22) -> 0
B23: P3 (incl. to assess) | C23: =COUNTIFS('Service tracker'!$H$2:$H$303,"P3*",'Service tracker'!$O$2:$O$303,Lists!$C$2,'Service tracker'!$A$2:$A$303,"<>EX-*") -> 0 | D23: =COUNTIFS('Service tracker'!$H$2:$H$303,"P3*",'Service tracker'!$O$2:$O$303,Lists!$C$3,'Service tracker'!$A$2:$A$303,"<>EX-*") -> 0 | E23: =COUNTIFS('Service tracker'!$H$2:$H$303,"P3*",'Service tracker'!$O$2:$O$303,Lists!$C$4,'Service tracker'!$A$2:$A$303,"<>EX-*") -> 0 | F23: =COUNTIFS('Service tracker'!$H$2:$H$303,"P3*",'Service tracker'!$O$2:$O$303,Lists!$C$5,'Service tracker'!$A$2:$A$303,"<>EX-*") -> 0 | G23: =COUNTIFS('Service tracker'!$H$2:$H$303,"P3*",'Service tracker'!$O$2:$O$303,Lists!$C$6,'Service tracker'!$A$2:$A$303,"<>EX-*") -> 0 | H23: =COUNTIFS('Service tracker'!$H$2:$H$303,"P3*",'Service tracker'!$O$2:$O$303,Lists!$C$7,'Service tracker'!$A$2:$A$303,"<>EX-*") -> 0 | I23: =COUNTIFS('Service tracker'!$H$2:$H$303,"P3*",'Service tracker'!$O$2:$O$303,Lists!$C$8,'Service tracker'!$A$2:$A$303,"<>EX-*") -> 0 | J23: =SUM(C23:I23) -> 0
B24: P4 | C24: =COUNTIFS('Service tracker'!$H$2:$H$303,"P4*",'Service tracker'!$O$2:$O$303,Lists!$C$2,'Service tracker'!$A$2:$A$303,"<>EX-*") -> 0 | D24: =COUNTIFS('Service tracker'!$H$2:$H$303,"P4*",'Service tracker'!$O$2:$O$303,Lists!$C$3,'Service tracker'!$A$2:$A$303,"<>EX-*") -> 0 | E24: =COUNTIFS('Service tracker'!$H$2:$H$303,"P4*",'Service tracker'!$O$2:$O$303,Lists!$C$4,'Service tracker'!$A$2:$A$303,"<>EX-*") -> 0 | F24: =COUNTIFS('Service tracker'!$H$2:$H$303,"P4*",'Service tracker'!$O$2:$O$303,Lists!$C$5,'Service tracker'!$A$2:$A$303,"<>EX-*") -> 0 | G24: =COUNTIFS('Service tracker'!$H$2:$H$303,"P4*",'Service tracker'!$O$2:$O$303,Lists!$C$6,'Service tracker'!$A$2:$A$303,"<>EX-*") -> 0 | H24: =COUNTIFS('Service tracker'!$H$2:$H$303,"P4*",'Service tracker'!$O$2:$O$303,Lists!$C$7,'Service tracker'!$A$2:$A$303,"<>EX-*") -> 0 | I24: =COUNTIFS('Service tracker'!$H$2:$H$303,"P4*",'Service tracker'!$O$2:$O$303,Lists!$C$8,'Service tracker'!$A$2:$A$303,"<>EX-*") -> 0 | J24: =SUM(C24:I24) -> 0
B25: Total | C25: =SUM(C21:C24) -> 0 | D25: =SUM(D21:D24) -> 0 | E25: =SUM(E21:E24) -> 0 | F25: =SUM(F21:F24) -> 0 | G25: =SUM(G21:G24) -> 0 | H25: =SUM(H21:H24) -> 0 | I25: =SUM(I21:I24) -> 0 | J25: =SUM(J21:J24) -> 0
B26: Records with no priority yet (impact or susceptibility blank) are not counted above.

Sheet Decisions
A1: ID | B1: Decision required | C1: Why now | D1: Options | E1: Recommendation | F1: Decision owner | G1: Forum / approver | H1: Needed by | I1: Status | J1: Decision taken | K1: Rationale | L1: Date decided | M1: Review date | N1: Linked items
A2: D-01 | B2: Adopt a prioritisation model for the response | C2: Tier 2 currently mixes vendor-protected browsers with exposed API clients | D2: 1) Keep the version 1 four tiers 2) Impact × verifier susceptibility matrix, keeping tier labels for impact 3) Separate lists per platform team | E2: Option 2, as defined in RISK_TIERS.md. Version 1 tiers map to impact | F2: Incident lead | G2: Response steering | H2: 46323 | I2: Open | N2: RISK_TIERS §2–4; Lists!T1
A3: D-02 | B3: Accept vendor protection as closure for browsers and desktop OS stores | C3: Vendors protected browsers 17–20 Oct; enterprise conditions can defeat it | D3: 1) Treat as fixed without evidence 2) Accept with the four-condition proviso and a coverage report 3) Require per-device testing | E3: Option 2, with the coverage threshold in Lists!U16 (proposed 95%) | F3: Head of EUC | G3: Response steering | H3: 46323 | I3: Open | N3: ACTION_PLAN §5; PB-01; Browser & desktop sheet
A4: D-03 | B4: Set indicative target windows per priority | C4: Version 1 set no target windows, so overdue work couldn't be distinguished from on-track | D4: 1) No windows; agree per service 2) Indicative P1 72 h contain / 7 days close, P2 14 days, P3 30 days, P4 normal cycle 3) Stricter fixed SLAs | E4: Option 2, as indicative targets; overdue items reported, not penalised | F4: CISO | G4: Risk committee | H4: 46323 | I4: Open | N4: RISK_TIERS §4; ACTION_PLAN §10
A5: D-04 | B5: Replace our certificates that chain to emSign ECC Root CA - G3 | C5: Chrome removes the root on Tue 27 Oct; legitimate sites under it will fail | D5: 1) Replace external certificates immediately; internal within 14 days 2) Wait for eMudhra migration support 3) Accept Chrome failures for low-traffic sites | E5: Option 1. PKI owns; no extension for customer- or partner-facing endpoints | F5: Head of PKI | G5: Incident lead | H5: 46322 | I5: Open | N5: PB-13; Availability sheet
A6: D-05 | B6: Accept availability impact of removing emSign roots from our managed trust stores | C6: Root removal (NSS, Ubuntu, certifi, webpki-roots) breaks partners still using those roots | D6: 1) Remove the root and handle breakages by time-boxed exception 2) Delay removal until partners migrate 3) Distrust intermediates only where the platform supports it | E6: Option 1, plus option 3 where supported (Windows, Java blocklists). Never restore trust globally | F6: Incident lead | G6: Response steering | H6: 46324 | I6: Open | N6: PB-03; PB-05; PB-13
A7: D-06 | B7: Handle the Sectigo AAA cross-sign route on Windows and Java | C7: AAA still matters on Windows, Java and older/vendor bundles | D7: 1) Distrust the specific intermediates and cross-certificates 2) Remove AAA Certificate Services root 3) Rely on Sectigo revocation only | E7: Option 1; remove AAA only where the vendor prescribes it (e.g. Oracle) and after a positive-control test | F7: Head of PKI | G7: Incident lead | H7: 46324 | I7: Open | N7: PB-02; PB-04
A8: D-07 | B8: TLS-inspection proxy policy for untrusted or revoked upstream certificates | C8: For inspected traffic the proxy, not the browser, decides trust | D8: 1) Block 2) Warn and allow 3) Re-sign with an untrusted CA | E8: Option 1 (block), with an exception path for business-critical partners | F8: Network security lead | G8: Incident lead | H8: 46323 | I8: Open | N8: PB-09
A9: D-08 | B9: Scope of the retrospective hunt | C9: Keys were weak from 30 Apr 2025; any chain to them is presumptively forged | D9: 1) No historical hunt 2) Hunts H1–H6 over available retention, gap recorded 3) Restore archived logs to cover the full window | E9: Option 2 now; option 3 only for P1 data sources if option 2 finds anything | F9: SOC lead | G9: Incident lead | H9: 46325 | I9: Open | N9: PB-14; PB-12; Hunt log
A10: D-09 | B10: Long-tail cut-off date and exception policy | C10: The tail won't close on one date; without a cut-off, items drift | D10: 1) No cut-off 2) Cut-off date; after it, unremediated items need an exception with an approved compensating control 3) Hard deadline with shutdown | E10: Option 2; cut-off 25 Nov 2026 | F10: CISO | G10: Risk committee | H10: 46328 | I10: Open | N10: ACTION_PLAN §6; PB-11; Exceptions
A11: D-10 | B11: Supplier assurance approach | C11: Suppliers that process our data validate certificates on their side | D11: 1) Rely on public statements 2) Formal request to critical suppliers only 3) Formal request to all suppliers | E11: Option 2 (payments, identity, SaaS with regulated data, managed security providers) | F11: Supplier risk lead | G11: Response steering | H11: 46328 | I11: Open | N11: PB-11 template; Long tail
A12: D-11 | B12: Regulatory and notification stance | C12: Obligations differ by jurisdiction and regulator | D12: 1) No position 2) No notification for exposure alone; Legal defines triggers on evidence of exploitation 3) Precautionary notification | E12: Option 2; Legal confirms regulators per jurisdiction | F12: General Counsel | G12: Risk committee | H12: 46325 | I12: Open | N12: PB-14 triage step 4
A13: D-12 | B13: Reporting unit and cadence | C13: Mixed units double-count shared platforms | D13: 1) Count deployments 2) Count services; executive update twice weekly until P1 closed 3) Daily executive updates | E13: Option 2; daily only for P1 open items, blockers and outages | F13: Incident lead | G13: Response steering | H13: 46323 | I13: Open | N13: Dashboard
... A17: D-16 | B17: Staff communications | C17: Avoid alarm and bypass behaviour; prepare for 27 Oct site failures | D17: 1) All-staff notice 2) Service desk knowledge article only 3) No communication | E17: Option 2; all-staff notice only if exploitation is found | F17: Head of comms | G17: Incident lead | H17: 46322 | I17: Open | N17: PB-15

Sheet Service tracker
A1: Record ID | B1: 1. Service / asset group | C1: 1. Accountable owner | D1: Team | E1: Environment | F1: 2. Impact (H/M/L) | G1: 2. Verifier susceptibility | H1: Priority | I1: Version 1 tier (1–4) | J1: 2. Rationale | K1: 3. Trust configuration | L1: 3. Assurance ref or custom detail | M1: Playbook | N1: 4. Closure route | O1: 4. Status | P1: 4. Remedy or reason no change | Q1: 5. Evidence link | R1: 6. Outstanding work | S1: 6. Target date | T1: Discovered / assigned | U1: Availability flag | V1: Code-signing relevant | W1: Days open | X1: Overdue
A2: EX-1 | B2: Payments API (outbound to card processor) | C2: J. Smith (example) | D2: Payments | E2: Production | F2: H | G2: C | H2: =IF(OR(F2="",G2=""),"",IFERROR(INDEX(Lists!$U$3:$Y$5,MATCH(F2,Lists!$T$3:$T$5,0),MATCH(G2,Lists!$U$2:$Y$2,0)),"Check inputs")) -> P1 | I2: 1 | J2: Sends card-holder data to an external API from a Java service with its own cacerts | K2: Custom trust | L2: Java app-cacerts copy | M2: PB-04 | N2: B | O2: Remediating | P2: Removed verified emSign/AAA anchors from managed store copy; JVM restart scheduled | Q2: CHG-0000 (example) | R2: Restart remaining 2 nodes — J. Smith | S2: 46325 | T2: 46321 | U2: N | V2: N | W2: =IF(OR(T2="",LEFT(O2,6)="Closed"),"",TODAY()-T2) -> 0 | X2: =IF(OR(S2="",LEFT(O2,6)="Closed"),"",IF(TODAY()>S2,"Overdue",""))
A3: EX-2 | B3: Standard Windows 11 managed desktops | C3: EUC lead (example) | D3: EUC | E3: Production | F3: M | G3: A | H3: =IF(OR(F3="",G3=""),"",IFERROR(INDEX(Lists!$U$3:$Y$5,MATCH(F3,Lists!$T$3:$T$5,0),MATCH(G3,Lists!$U$2:$Y$2,0)),"Check inputs")) -> P4 | I3: 2 | J3: Browsers and Windows store protected by vendor push; proviso checks pending | K3: Standard platform | L3: PA-EX-1 | M3: PB-01 | N3: A | O3: Assessing — exposure unknown | P3: No change expected; confirm proviso | R3: Coverage report — EUC lead | S3: 46325 | T3: 46321 | U3: N | V3: N | W3: =IF(OR(T3="",LEFT(O3,6)="Closed"),"",TODAY()-T3) -> 0 | X3: =IF(OR(S3="",LEFT(O3,6)="Closed"),"",IF(TODAY()>S3,"Overdue",""))
H4: =IF(OR(F4="",G4=""),"",IFERROR(INDEX(Lists!$U$3:$Y$5,MATCH(F4,Lists!$T$3:$T$5,0),MATCH(G4,Lists!$U$2:$Y$2,0)),"Check inputs")) | W4: =IF(OR(T4="",LEFT(O4,6)="Closed"),"",TODAY()-T4) | X4: =IF(OR(S4="",LEFT(O4,6)="Closed"),"",IF(TODAY()>S4,"Overdue",""))
H5: =IF(OR(F5="",G5=""),"",IFERROR(INDEX(Lists!$U$3:$Y$5,MATCH(F5,Lists!$T$3:$T$5,0),MATCH(G5,Lists!$U$2:$Y$2,0)),"Check inputs")) | W5: =IF(OR(T5="",LEFT(O5,6)="Closed"),"",TODAY()-T5) | X5: =IF(OR(S5="",LEFT(O5,6)="Closed"),"",IF(TODAY()>S5,"Overdue",""))
H6: =IF(OR(F6="",G6=""),"",IFERROR(INDEX(Lists!$U$3:$Y$5,MATCH(F6,Lists!$T$3:$T$5,0),MATCH(G6,Lists!$U$2:$Y$2,0)),"Check inputs")) | W6: =IF(OR(T6="",LEFT(O6,6)="Closed"),"",TODAY()-T6) | X6: =IF(OR(S6="",LEFT(O6,6)="Closed"),"",IF(TODAY()>S6,"Overdue",""))
H7: =IF(OR(F7="",G7=""),"",IFERROR(INDEX(Lists!$U$3:$Y$5,MATCH(F7,Lists!$T$3:$T$5,0),MATCH(G7,Lists!$U$2:$Y$2,0)),"Check inputs")) | W7: =IF(OR(T7="",LEFT(O7,6)="Closed"),"",TODAY()-T7) | X7: =IF(OR(S7="",LEFT(O7,6)="Closed"),"",IF(TODAY()>S7,"Overdue",""))
H8: =IF(OR(F8="",G8=""),"",IFERROR(INDEX(Lists!$U$3:$Y$5,MATCH(F8,Lists!$T$3:$T$5,0),MATCH(G8,Lists!$U$2:$Y$2,0)),"Check inputs")) | W8: =IF(OR(T8="",LEFT(O8,6)="Closed"),"",TODAY()-T8) | X8: =IF(OR(S8="",LEFT(O8,6)="Closed"),"",IF(TODAY()>S8,"Overdue",""))
H9: =IF(OR(F9="",G9=""),"",IFERROR(INDEX(Lists!$U$3:$Y$5,MATCH(F9,Lists!$T$3:$T$5,0),MATCH(G9,Lists!$U$2:$Y$2,0)),"Check inputs")) | W9: =IF(OR(T9="",LEFT(O9,6)="Closed"),"",TODAY()-T9) | X9: =IF(OR(S9="",LEFT(O9,6)="Closed"),"",IF(TODAY()>S9,"Overdue",""))
H10: =IF(OR(F10="",G10=""),"",IFERROR(INDEX(Lists!$U$3:$Y$5,MATCH(F10,Lists!$T$3:$T$5,0),MATCH(G10,Lists!$U$2:$Y$2,0)),"Check inputs")) | W10: =IF(OR(T10="",LEFT(O10,6)="Closed"),"",TODAY()-T10) | X10: =IF(OR(S10="",LEFT(O10,6)="Closed"),"",IF(TODAY()>S10,"Overdue",""))
H11: =IF(OR(F11="",G11=""),"",IFERROR(INDEX(Lists!$U$3:$Y$5,MATCH(F11,Lists!$T$3:$T$5,0),MATCH(G11,Lists!$U$2:$Y$2,0)),"Check inputs")) | W11: =IF(OR(T11="",LEFT(O11,6)="Closed"),"",TODAY()-T11) | X11: =IF(OR(S11="",LEFT(O11,6)="Closed"),"",IF(TODAY()>S11,"Overdue",""))
H12: =IF(OR(F12="",G12=""),"",IFERROR(INDEX(Lists!$U$3:$Y$5,MATCH(F12,Lists!$T$3:$T$5,0),MATCH(G12,Lists!$U$2:$Y$2,0)),"Check inputs")) | W12: =IF(OR(T12="",LEFT(O12,6)="Closed"),"",TODAY()-T12) | X12: =IF(OR(S12="",LEFT(O12,6)="Closed"),"",IF(TODAY()>S12,"Overdue",""))
H13: =IF(OR(F13="",G13=""),"",IFERROR(INDEX(Lists!$U$3:$Y$5,MATCH(F13,Lists!$T$3:$T$5,0),MATCH(G13,Lists!$U$2:$Y$2,0)),"Check inputs")) | W13: =IF(OR(T13="",LEFT(O13,6)="Closed"),"",TODAY()-T13) | X13: =IF(OR(S13="",LEFT(O13,6)="Closed"),"",IF(TODAY()>S13,"Overdue",""))
H14: =IF(OR(F14="",G14=""),"",IFERROR(INDEX(Lists!$U$3:$Y$5,MATCH(F14,Lists!$T$3:$T$5,0),MATCH(G14,Lists!$U$2:$Y$2,0)),"Check inputs")) | W14: =IF(OR(T14="",LEFT(O14,6)="Closed"),"",TODAY()-T14) | X14: =IF(OR(S14="",LEFT(O14,6)="Closed"),"",IF(TODAY()>S14,"Overdue",""))
H15: =IF(OR(F15="",G15=""),"",IFERROR(INDEX(Lists!$U$3:$Y$5,MATCH(F15,Lists!$T$3:$T$5,0),MATCH(G15,Lists!$U$2:$Y$2,0)),"Check inputs")) | W15: =IF(OR(T15="",LEFT(O15,6)="Closed"),"",TODAY()-T15) | X15: =IF(OR(S15="",LEFT(O15,6)="Closed"),"",IF(TODAY()>S15,"Overdue",""))
... H303: =IF(OR(F303="",G303=""),"",IFERROR(INDEX(Lists!$U$3:$Y$5,MATCH(F303,Lists!$T$3:$T$5,0),MATCH(G303,Lists!$U$2:$Y$2,0)),"Check inputs")) | W303: =IF(OR(T303="",LEFT(O303,6)="Closed"),"",TODAY()-T303) | X303: =IF(OR(S303="",LEFT(O303,6)="Closed"),"",IF(TODAY()>S303,"Overdue",""))

Sheet Platform assurance
A1: Assurance ID | B1: Standard configuration | C1: Owner team | D1: Verifier / stack | E1: Vendor remedy applied | F1: Remedy version / date | G1: emSign route | H1: AAA route | I1: No-CT test | J1: Positive control | K1: Instances covered | L1: Instances in scope | M1: Coverage % | N1: Known exclusions | O1: Evidence link | P1: Status | Q1: Review date
A2: PA-EX-1 | B2: Ubuntu 24.04 LTS server build | C2: Linux platform | D2: OpenSSL / system bundle | E2: ca-certificates 20260816ubuntu0.24.04.1 | F2: 20 Oct 2026 | G2: Pass | H2: N/A | I2: Pass | J2: Pass | K2: 412 | L2: 430 | M2: =IF(OR(L2="",L2=0),"",K2/L2) -> 0.95813953 | N2: 18 hosts pending maintenance window | O2: CHG-0000 (example) | P2: In progress | Q2: 46335
M3: =IF(OR(L3="",L3=0),"",K3/L3)
M4: =IF(OR(L4="",L4=0),"",K4/L4)
M5: =IF(OR(L5="",L5=0),"",K5/L5)
M6: =IF(OR(L6="",L6=0),"",K6/L6)
M7: =IF(OR(L7="",L7=0),"",K7/L7)
M8: =IF(OR(L8="",L8=0),"",K8/L8)
M9: =IF(OR(L9="",L9=0),"",K9/L9)
M10: =IF(OR(L10="",L10=0),"",K10/L10)
M11: =IF(OR(L11="",L11=0),"",K11/L11)
M12: =IF(OR(L12="",L12=0),"",K12/L12)
M13: =IF(OR(L13="",L13=0),"",K13/L13)
M14: =IF(OR(L14="",L14=0),"",K14/L14)
... M100: =IF(OR(L100="",L100=0),"",K100/L100)

Sheet Browser & desktop
A1: Managed configuration | B1: Vendor mechanism | C1: Vendor date (2026) | D1: Owner | E1: 1. Egress to vendor updates OK | F1: 1. No policy blocks updates | G1: 2. Supported versions | H1: 3. Not decrypted, or proxy validated | I1: 4. Images / offline refreshed | J1: Representative test | K1: Devices in scope | L1: Devices confirmed | M1: Coverage % | N1: Proviso met | O1: Notes / exclusions
A2: Windows 11 + Chrome | B2: CRLSet block (17 Oct); Chrome Root Store removal of emSign ECC Root CA - G3 (27 Oct) | C2: 17 Oct / 27 Oct | M2: =IF(OR(K2="",K2=0),"",L2/K2) | N2: =IF(A2="","",IF(AND(E2="Y",F2="Y",G2="Y",H2="Y",OR(I2="Y",I2="N/A"),J2="Pass",N(M2)>=Lists!$U$16),"Yes","No")) -> No
A3: Windows 11 + Edge | B3: Microsoft block | C3: 20 Oct | M3: =IF(OR(K3="",K3=0),"",L3/K3) | N3: =IF(A3="","",IF(AND(E3="Y",F3="Y",G3="Y",H3="Y",OR(I3="Y",I3="N/A"),J3="Pass",N(M3)>=Lists!$U$16),"Yes","No")) -> No
A4: Windows + Firefox ESR | B4: OneCRL via Remote Settings | C4: 17 Oct | M4: =IF(OR(K4="",K4=0),"",L4/K4) | N4: =IF(A4="","",IF(AND(E4="Y",F4="Y",G4="Y",H4="Y",OR(I4="Y",I4="N/A"),J4="Pass",N(M4)>=Lists!$U$16),"Yes","No")) -> No
A5: macOS + Safari | B5: Apple block | C5: 19 Oct | M5: =IF(OR(K5="",K5=0),"",L5/K5) | N5: =IF(A5="","",IF(AND(E5="Y",F5="Y",G5="Y",H5="Y",OR(I5="Y",I5="N/A"),J5="Pass",N(M5)>=Lists!$U$16),"Yes","No")) -> No
A6: macOS + Chrome | B6: CRLSet; Chrome Root Store change | C6: 17 Oct / 27 Oct | M6: =IF(OR(K6="",K6=0),"",L6/K6) | N6: =IF(A6="","",IF(AND(E6="Y",F6="Y",G6="Y",H6="Y",OR(I6="Y",I6="N/A"),J6="Pass",N(M6)>=Lists!$U$16),"Yes","No")) -> No
A7: VDI image (name) | B7: Per browser above; image refresh required | M7: =IF(OR(K7="",K7=0),"",L7/K7) | N7: =IF(A7="","",IF(AND(E7="Y",F7="Y",G7="Y",H7="Y",OR(I7="Y",I7="N/A"),J7="Pass",N(M7)>=Lists!$U$16),"Yes","No")) -> No
A8: ChromeOS | B8: CRLSet; Chrome Root Store change | C8: 17 Oct / 27 Oct | M8: =IF(OR(K8="",K8=0),"",L8/K8) | N8: =IF(A8="","",IF(AND(E8="Y",F8="Y",G8="Y",H8="Y",OR(I8="Y",I8="N/A"),J8="Pass",N(M8)>=Lists!$U$16),"Yes","No")) -> No
A9: Android with Google Play services | B9: Equivalent block via Google Play services | C9: c. 19 Oct | M9: =IF(OR(K9="",K9=0),"",L9/K9) | N9: =IF(A9="","",IF(AND(E9="Y",F9="Y",G9="Y",H9="Y",OR(I9="Y",I9="N/A"),J9="Pass",N(M9)>=Lists!$U$16),"Yes","No")) -> No
A10: Android without Google Play services | B10: Not covered by Play services delivery — OEM update needed | M10: =IF(OR(K10="",K10=0),"",L10/K10) | N10: =IF(A10="","",IF(AND(E10="Y",F10="Y",G10="Y",H10="Y",OR(I10="Y",I10="N/A"),J10="Pass",N(M10)>=Lists!$U$16),"Yes","No")) -> No | O10: Treat as long tail (PB-11) until the OEM confirms a fix.
A11: iOS / iPadOS | B11: Apple block | C11: 19 Oct | M11: =IF(OR(K11="",K11=0),"",L11/K11) | N11: =IF(A11="","",IF(AND(E11="Y",F11="Y",G11="Y",H11="Y",OR(I11="Y",I11="N/A"),J11="Pass",N(M11)>=Lists!$U$16),"Yes","No")) -> No
M12: =IF(OR(K12="",K12=0),"",L12/K12) | N12: =IF(A12="","",IF(AND(E12="Y",F12="Y",G12="Y",H12="Y",OR(I12="Y",I12="N/A"),J12="Pass",N(M12)>=Lists!$U$16),"Yes","No"))
M13: =IF(OR(K13="",K13=0),"",L13/K13) | N13: =IF(A13="","",IF(AND(E13="Y",F13="Y",G13="Y",H13="Y",OR(I13="Y",I13="N/A"),J13="Pass",N(M13)>=Lists!$U$16),"Yes","No"))
M14: =IF(OR(K14="",K14=0),"",L14/K14) | N14: =IF(A14="","",IF(AND(E14="Y",F14="Y",G14="Y",H14="Y",OR(I14="Y",I14="N/A"),J14="Pass",N(M14)>=Lists!$U$16),"Yes","No"))
M15: =IF(OR(K15="",K15=0),"",L15/K15) | N15: =IF(A15="","",IF(AND(E15="Y",F15="Y",G15="Y",H15="Y",OR(I15="Y",I15="N/A"),J15="Pass",N(M15)>=Lists!$U$16),"Yes","No"))
M16: =IF(OR(K16="",K16=0),"",L16/K16) | N16: =IF(A16="","",IF(AND(E16="Y",F16="Y",G16="Y",H16="Y",OR(I16="Y",I16="N/A"),J16="Pass",N(M16)>=Lists!$U$16),"Yes","No"))
M17: =IF(OR(K17="",K17=0),"",L17/K17) | N17: =IF(A17="","",IF(AND(E17="Y",F17="Y",G17="Y",H17="Y",OR(I17="Y",I17="N/A"),J17="Pass",N(M17)>=Lists!$U$16),"Yes","No"))
M18: =IF(OR(K18="",K18=0),"",L18/K18) | N18: =IF(A18="","",IF(AND(E18="Y",F18="Y",G18="Y",H18="Y",OR(I18="Y",I18="N/A"),J18="Pass",N(M18)>=Lists!$U$16),"Yes","No"))
M19: =IF(OR(K19="",K19=0),"",L19/K19) | N19: =IF(A19="","",IF(AND(E19="Y",F19="Y",G19="Y",H19="Y",OR(I19="Y",I19="N/A"),J19="Pass",N(M19)>=Lists!$U$16),"Yes","No"))
M20: =IF(OR(K20="",K20=0),"",L20/K20) | N20: =IF(A20="","",IF(AND(E20="Y",F20="Y",G20="Y",H20="Y",OR(I20="Y",I20="N/A"),J20="Pass",N(M20)>=Lists!$U$16),"Yes","No"))
M21: =IF(OR(K21="",K21=0),"",L21/K21) | N21: =IF(A21="","",IF(AND(E21="Y",F21="Y",G21="Y",H21="Y",OR(I21="Y",I21="N/A"),J21="Pass",N(M21)>=Lists!$U$16),"Yes","No"))
M22: =IF(OR(K22="",K22=0),"",L22/K22) | N22: =IF(A22="","",IF(AND(E22="Y",F22="Y",G22="Y",H22="Y",OR(I22="Y",I22="N/A"),J22="Pass",N(M22)>=Lists!$U$16),"Yes","No"))
A24: Proviso: covers the browser and OS trust store only. Not covered: macOS /usr/bin/curl and other CLI tools, Java, Python, Node and Go apps, Electron apps, VPN/ZTNA and management agents, developer toolchains — record those on the Long tail sheet. Vendor dates are from press reports of vendor statements; confirm on the Facts sheet. Coverage threshold is Lists!U16 (assumption pending D-02).

Sheet Long tail
A1: ID | B1: System / product | C1: Category | D1: Discovered via | E1: Owner | F1: Vendor / supplier | G1: Impact | H1: Susceptibility | I1: Priority | J1: Vendor status | K1: Vendor ref / date | L1: Interim control | M1: Exception ID | N1: Target date | O1: Status | P1: Notes
A2: EX-LT-1 | B2: Building management system cloud connector | C2: OT / IoT / facilities | D2: Egress telemetry | E2: Facilities IT (example) | F2: Vendor X (example) | G2: M | H2: D | I2: =IF(OR(G2="",H2=""),"",IFERROR(INDEX(Lists!$U$3:$Y$5,MATCH(G2,Lists!$T$3:$T$5,0),MATCH(H2,Lists!$U$2:$Y$2,0)),"Check inputs")) -> P2 | J2: Pending | K2: Ticket 0000, 24 Oct | L2: Egress restricted to vendor endpoints | M2: EXC-EX-1 | N2: 46346 | O2: In progress | P2: Vendor ETA mid-November
I3: =IF(OR(G3="",H3=""),"",IFERROR(INDEX(Lists!$U$3:$Y$5,MATCH(G3,Lists!$T$3:$T$5,0),MATCH(H3,Lists!$U$2:$Y$2,0)),"Check inputs"))
I4: =IF(OR(G4="",H4=""),"",IFERROR(INDEX(Lists!$U$3:$Y$5,MATCH(G4,Lists!$T$3:$T$5,0),MATCH(H4,Lists!$U$2:$Y$2,0)),"Check inputs"))
I5: =IF(OR(G5="",H5=""),"",IFERROR(INDEX(Lists!$U$3:$Y$5,MATCH(G5,Lists!$T$3:$T$5,0),MATCH(H5,Lists!$U$2:$Y$2,0)),"Check inputs"))
I6: =IF(OR(G6="",H6=""),"",IFERROR(INDEX(Lists!$U$3:$Y$5,MATCH(G6,Lists!$T$3:$T$5,0),MATCH(H6,Lists!$U$2:$Y$2,0)),"Check inputs"))
I7: =IF(OR(G7="",H7=""),"",IFERROR(INDEX(Lists!$U$3:$Y$5,MATCH(G7,Lists!$T$3:$T$5,0),MATCH(H7,Lists!$U$2:$Y$2,0)),"Check inputs"))
I8: =IF(OR(G8="",H8=""),"",IFERROR(INDEX(Lists!$U$3:$Y$5,MATCH(G8,Lists!$T$3:$T$5,0),MATCH(H8,Lists!$U$2:$Y$2,0)),"Check inputs"))
I9: =IF(OR(G9="",H9=""),"",IFERROR(INDEX(Lists!$U$3:$Y$5,MATCH(G9,Lists!$T$3:$T$5,0),MATCH(H9,Lists!$U$2:$Y$2,0)),"Check inputs"))
I10: =IF(OR(G10="",H10=""),"",IFERROR(INDEX(Lists!$U$3:$Y$5,MATCH(G10,Lists!$T$3:$T$5,0),MATCH(H10,Lists!$U$2:$Y$2,0)),"Check inputs"))
I11: =IF(OR(G11="",H11=""),"",IFERROR(INDEX(Lists!$U$3:$Y$5,MATCH(G11,Lists!$T$3:$T$5,0),MATCH(H11,Lists!$U$2:$Y$2,0)),"Check inputs"))
I12: =IF(OR(G12="",H12=""),"",IFERROR(INDEX(Lists!$U$3:$Y$5,MATCH(G12,Lists!$T$3:$T$5,0),MATCH(H12,Lists!$U$2:$Y$2,0)),"Check inputs"))
I13: =IF(OR(G13="",H13=""),"",IFERROR(INDEX(Lists!$U$3:$Y$5,MATCH(G13,Lists!$T$3:$T$5,0),MATCH(H13,Lists!$U$2:$Y$2,0)),"Check inputs"))
I14: =IF(OR(G14="",H14=""),"",IFERROR(INDEX(Lists!$U$3:$Y$5,MATCH(G14,Lists!$T$3:$T$5,0),MATCH(H14,Lists!$U$2:$Y$2,0)),"Check inputs"))
... I302: =IF(OR(G302="",H302=""),"",IFERROR(INDEX(Lists!$U$3:$Y$5,MATCH(G302,Lists!$T$3:$T$5,0),MATCH(H302,Lists!$U$2:$Y$2,0)),"Check inputs"))

Sheet Availability
A1: ID | B1: Endpoint / hostname | C1: Direction | D1: Scope | E1: Owner | F1: Issuer | G1: Root | H1: Affected by | I1: Replacement CA / action | J1: Planned date | K1: Status | L1: Notes
A2: EX-AV-1 | B2: partner-api.example.net | C2: We call | D2: External | E2: Integration owner (example) | F2: emSign ECC CA - G3 (example) | G2: emSign ECC Root CA - G3 | H2: Both | I2: Partner to replace certificate | J2: 46332 | K2: In progress | L2: Time-boxed exception EXC-EX-2 if it breaks first

Sheet Exceptions
A1: Exception ID | B1: Linked record | C1: Reason | D1: Compensating control | E1: Residual risk | F1: Requested by | G1: Approver | H1: Approved date | I1: Expiry / review date | J1: Status | K1: Days to expiry
A2: EXC-EX-1 | B2: EX-LT-1 | C2: Vendor fix not available until mid-November | D2: Egress restricted to two vendor endpoints; alert on any other destination | E2: M | F2: Facilities IT (example) | G2: CISO delegate (example) | H2: 46322 | I2: 46346 | J2: Approved | K2: =IF(OR(I2="",J2="Closed",J2="Rejected"),"",I2-TODAY()) -> 25
K3: =IF(OR(I3="",J3="Closed",J3="Rejected"),"",I3-TODAY())
K4: =IF(OR(I4="",J4="Closed",J4="Rejected"),"",I4-TODAY())
K5: =IF(OR(I5="",J5="Closed",J5="Rejected"),"",I5-TODAY())
K6: =IF(OR(I6="",J6="Closed",J6="Rejected"),"",I6-TODAY())
K7: =IF(OR(I7="",J7="Closed",J7="Rejected"),"",I7-TODAY())
K8: =IF(OR(I8="",J8="Closed",J8="Rejected"),"",I8-TODAY())
K9: =IF(OR(I9="",J9="Closed",J9="Rejected"),"",I9-TODAY())
K10: =IF(OR(I10="",J10="Closed",J10="Rejected"),"",I10-TODAY())
K11: =IF(OR(I11="",J11="Closed",J11="Rejected"),"",I11-TODAY())
K12: =IF(OR(I12="",J12="Closed",J12="Rejected"),"",I12-TODAY())
K13: =IF(OR(I13="",J13="Closed",J13="Rejected"),"",I13-TODAY())
K14: =IF(OR(I14="",J14="Closed",J14="Rejected"),"",I14-TODAY())
... K150: =IF(OR(I150="",J150="Closed",J150="Rejected"),"",I150-TODAY())

Sheet Hunt log
A1: Hunt | B1: Description | C1: Data source | D1: Retention starts | E1: Searched from | F1: Searched to | G1: Gap to window start (days) | H1: Query reference | I1: Hits | J1: Disposition | K1: Analyst | L1: Date | M1: Status
A2: H1 | B2: Binaries signed under the two affected code-signing intermediates | C2: EDR file-signature telemetry | G2: =IF(E2="","",MAX(0,E2-Lists!$U$18)) | M2: Open
A3: H2 | B3: Upstream certificates issued by the six TLS intermediates | C3: TLS-inspection / SWG logs | G3: =IF(E3="","",MAX(0,E3-Lists!$U$18)) | M3: Open
A4: H3 | B4: Same issuers in passive TLS (TLS 1.2 and older only) | C4: NDR / Zeek x509.log | G4: =IF(E4="","",MAX(0,E4-Lists!$U$18)) | M4: Open
A5: H4 | B5: Peer certificate details on P1 integrations | C5: Application TLS logs | G5: =IF(E5="","",MAX(0,E5-Lists!$U$18)) | M5: Open
A6: H5 | B6: Certificates for our domains chaining to the intermediates | C6: Certificate Transparency | G6: =IF(E6="","",MAX(0,E6-Lists!$U$18)) | M6: Open
A7: H6 | B7: Unexpected JWKS kid values or SAML signing-certificate changes | C7: IdP and API logs | G7: =IF(E7="","",MAX(0,E7-Lists!$U$18)) | M7: Open
G8: =IF(E8="","",MAX(0,E8-Lists!$U$18))
G9: =IF(E9="","",MAX(0,E9-Lists!$U$18))
G10: =IF(E10="","",MAX(0,E10-Lists!$U$18))
G11: =IF(E11="","",MAX(0,E11-Lists!$U$18))
G12: =IF(E12="","",MAX(0,E12-Lists!$U$18))
G13: =IF(E13="","",MAX(0,E13-Lists!$U$18))
G14: =IF(E14="","",MAX(0,E14-Lists!$U$18))
G15: =IF(E15="","",MAX(0,E15-Lists!$U$18))
G16: =IF(E16="","",MAX(0,E16-Lists!$U$18))
G17: =IF(E17="","",MAX(0,E17-Lists!$U$18))
G18: =IF(E18="","",MAX(0,E18-Lists!$U$18))
G19: =IF(E19="","",MAX(0,E19-Lists!$U$18))
... G40: =IF(E40="","",MAX(0,E40-Lists!$U$18))

Sheet Facts
A1: Date (2026) | B1: Event | C1: Confidence | D1: Source | E1: Last checked | F1: Owner
A2: 30 Apr 2025 | B2: Eight intermediate keys generated with P-384 private values below 256; recoverable from public data | C2: Secondary | D2: Free Press Journal; BleepingComputer (citing Mozilla) | E2: 46321 | F2: Response lead
A3: — | B3: Six TLS intermediates, two code-signing (reported as trusted by Microsoft); eMudhra says none issued end-entity certificates | C3: Secondary | D3: CSO Online; Free Press Journal | E3: 46321 | F3: Response lead
A4: 17 Oct | B4: Report received; Chrome CRLSet and Firefox OneCRL block (no browser update or restart needed) | C4: Primary (Google) | D4: blog.google; The Hacker News | E4: 46321 | F4: Response lead
A5: 19 Oct | B5: Apple block; Sectigo revokes eight AAA cross-certificates; Android protection via Google Play services | C5: Secondary | D5: BleepingComputer; Technobezz; Sectigo advisory | E5: 46321 | F5: Response lead
A6: 19 Oct | B6: Go 1.27.3 and 1.26.10 published (reject chains with the eight keys; rebuild required) | C6: Verified (release); Secondary (content) | D6: proxy.golang.org toolchain index; Rescana | E6: 46321 | F6: Response lead
A7: 19 Oct | B7: Rust webpki-roots 1.0.10 removes emSign ECC Root CA - G3 | C7: Verified | D7: crates.io package contents | E7: 46321 | F7: Response lead
A8: 18–23 Oct | B8: Python certifi 2026.10.18+ removes emSign ECC Root CA - G3; 2026.10.23 keeps only emSign Root CA - G1 | C8: Verified | D8: PyPI package contents | E8: 46321 | F8: Response lead
A9: 20 Oct | B9: Microsoft block | C9: Secondary | D9: Free Press Journal | E9: 46321 | F9: Response lead
A10: 20 Oct | B10: Ubuntu 24.04 ca-certificates 20260816ubuntu0.24.04.1 blocklists emSign ECC Root CA - G3 (LP #2171507) | C10: Verified | D10: Package changelog | E10: 46321 | F10: Response lead
A11: 20–21 Oct | B11: Node.js, Bun, Debian, FreeBSD fixes pending; macOS /usr/bin/curl still accepted chain after Apple block | C11: Secondary | D11: Rescana; lilting.ch; CSO Online | E11: 46321 | F11: Response lead
A12: 26 Oct | B12: Node.js 22.22.0 built-in roots still include emSign ECC Root CA - G3 | C12: Verified | D12: tls.rootCertificates check | E12: 46321 | F12: Response lead
A13: 21 Oct | B13: No confirmed malicious use; one key published on GitHub; no TLS certs under the six intermediates in CT before block | C13: Secondary | D13: BleepingComputer; iTnews | E13: 46321 | F13: Response lead
... A15: 27 Oct | B15: Chrome removes emSign ECC Root CA - G3 from Chrome Root Store (~30,000 certificates to migrate, eMudhra estimate) | C15: Primary (Google); Secondary (estimate) | D15: blog.google | E15: 46321 | F15: Response lead

Sheet Playbooks
A1: Code | B1: Title | C1: Owner team | D1: Typical priority | E1: File (relative to this workbook)
A2: PB-00 | B2: Test and evidence | C2: Security/PKI (all teams read) | D2: — | E2: playbooks/PB-00-test-and-evidence.md
A3: PB-01 | B3: Browsers and desktop operating systems | C3: Desktop / EUC | D3: P3–P4 under proviso | E3: playbooks/PB-01-browsers-and-desktop-os.md
A4: PB-02 | B4: Windows servers, .NET and PowerShell | C4: Windows platform; app owners | D4: P1–P3 | E4: playbooks/PB-02-windows-and-dotnet.md
A5: PB-03 | B5: Linux, Unix and macOS command-line tools | C5: Linux/Unix platform | D5: P1–P3 | E5: playbooks/PB-03-linux-and-unix-hosts.md
A6: PB-04 | B6: Java applications and Java-based products | C6: App owners; platform | D6: P1–P2 | E6: playbooks/PB-04-java.md
A7: PB-05 | B7: Python applications, jobs and tools | C7: App owners | D7: P1–P2 | E7: playbooks/PB-05-python.md
A8: PB-06 | B8: Node.js, Bun and Electron apps | C8: App owners; desktop; vendors | D8: P1–P2 | E8: playbooks/PB-06-nodejs-and-electron.md
A9: PB-07 | B9: Go, Rust, PHP, Ruby and other runtimes | C9: App owners | D9: P1–P2 | E9: playbooks/PB-07-go-rust-php-ruby.md
A10: PB-08 | B10: Containers, Kubernetes, serverless and CI/CD | C10: Container platform / DevSecOps | D10: P1 for pipelines | E10: playbooks/PB-08-containers-kubernetes-and-cicd.md
A11: PB-09 | B11: Proxies, gateways, load balancers and TLS inspection | C11: Network / security engineering | D11: P1 for inspection proxies | E11: playbooks/PB-09-proxies-gateways-and-tls-inspection.md
A12: PB-10 | B12: Mobile devices and in-house mobile apps | C12: Mobile / MDM; app teams | D12: P1–P4 | E12: playbooks/PB-10-mobile.md
... A18: PB-16 | B18: Identity integrations and mutual TLS | C18: IAM / API platform | D18: P1 | E18: playbooks/PB-16-identity-and-mtls.md

Sheet Lists
A1: Impact | B1: Susceptibility | C1: Status | D1: Route | E1: Trust configuration | F1: Yes/No | G1: Yes/No/NA | H1: Test result | I1: Vendor status | J1: Long-tail category | K1: Discovered via | L1: Decision status | M1: Playbook | N1: Generic status | O1: Exception status | P1: Availability direction | Q1: Scope | R1: Availability cause | T1: Priority matrix (impact × susceptibility)
A2: H | B2: A | C2: Assessing — exposure unknown | D2: A | E2: Standard platform | F2: Y | G2: Y | H2: Pass | I2: Fixed | J2: Server outbound client | K2: Egress telemetry | L2: Open | M2: PB-00 | N2: Open | O2: Requested | P2: We present | Q2: External | R2: Chrome 27 Oct root removal | T2: Impact \ Susceptibility | U2: A | V2: B | W2: C | X2: D | Y2: Unknown
A3: M | B3: B | C3: Exposed — action required | D3: B | E3: Custom trust | F3: N | G3: N | H3: Fail | I3: Pending | J3: Runtime bundle | K3: CMDB | L3: Decided | M3: PB-01 | N3: In progress | O3: Approved | P3: We call | Q3: Internal | R3: Trust-store root removal | T3: H | U3: P3 | V3: P1 | W3: P1 | X3: P1 | Y3: P1 (assess)
A4: L | B4: C | C4: Remediating | D4: C | E4: Unknown | G4: N/A | H4: Inconclusive | I4: Not affected | J4: Container / serverless | K4: Software inventory | L4: Deferred | M4: PB-02 | N4: Done | O4: Rejected | R4: Both | T4: M | U4: P4 | V4: P2 | W4: P2 | X4: P2 | Y4: P2 (assess)
B5: D | C5: Closed — A: covered by platform assurance | D5: Not yet chosen | H5: Not tested | I5: No response | J5: CI/CD / supply chain | K5: Container registry | L5: Superseded | M5: PB-03 | N5: Blocked | O5: Expired | T5: L | U5: P4 | V5: P3 | W5: P3 | X5: P3 | Y5: P3 (assess)
B6: Unknown | C6: Closed — B: application-specific validation | H6: N/A | I6: No fix planned | J6: Desktop non-browser software | K6: Supplier register | M6: PB-04 | O6: Closed
C7: Closed — C: not applicable to assessed role | J7: Network / security appliance | K7: TLS inspection logs | M7: PB-05
C8: Exception / blocked — owner and review date required | J8: VPN / ZTNA / agent | K8: Hunt | M8: PB-06 | T8: Susceptibility key
J9: OT / IoT / facilities | K9: Owner report | M9: PB-07 | T9: A | U9: Vendor-pushed block or CT enforced (browsers; OS store already updated)
J10: In-house mobile app | M10: PB-08 | T10: B | U10: Uses the OS store; update available but not yet confirmed
J11: Supplier / SaaS | M11: PB-09 | T11: C | U11: Own bundle or compiled roots (certifi, Node, Java cacerts, Go, Rust, container images)
J12: Inbound mTLS | M12: PB-10 | T12: D | U12: Embedded / appliance / vendor-controlled; no fix yet
M13: PB-11 | T13: Unknown | U13: Not yet assessed — schedule assessment at the shown priority
M14: PB-12
M15: PB-13
M16: PB-14 | T16: Proviso coverage threshold | U16: 0.95 | V16: Assumption pending decision D-02: share of in-scope devices that must be confirmed before a configuration counts as Validated.
M17: PB-15
M18: PB-16 | T18: Hunt window start (key generation) | U18: 45777 | V18: Source: Mozilla incident report as cited by press, 20–21 Oct 2026 (see Facts sheet).
